,S2,SWE,Green_by_red,Blue_by_red,OTSU_ndwi_ful,OTSU_ndwi_ent,NDWI_RG_tol,NIR_RG_tol,SWIR_RG_tol
1987-05-22-23-08-32,L5,1.2134,1.5103182828916468,2.1966659254832237,closed,closed,0.7,0.17500000000000002,0.07
1987-05-29-23-14-53,L5,0.5607,1.5121641491113487,2.2099982891030736,closed,closed,0.75,0.14500000000000002,0.07
1987-09-02-23-17-14,L5,0.5166,1.495478031175463,1.8914393299922103,closed,closed,0.7,0.16,0.1
1987-09-18-23-17-38,L5,0.5128,1.5367283028874483,1.9504785722021531,closed,closed,0.75,0.19,0.19
1987-09-27-23-11-39,L5,1.1313,1.4861207091639028,1.930683825061376,closed,closed,0.65,0.17,0.14
1987-10-04-23-17-58,L5,0.5186,1.4707962760992344,1.833803949320813,closed,closed,0.65,0.17,0.155
1987-10-29-23-12-13,L5,1.1493,1.636095750139965,2.1428502358165056,closed,closed,0.65,0.20500000000000002,0.195
1987-11-14-23-12-35,L5,1.1365,1.5370756644030343,1.9653272348316735,closed,closed,0.55,0.195,0.195
1987-11-21-23-18-53,L5,0.5465,1.4699042007742027,1.7872333740185478,closed,closed,0.65,0.195,0.15
1988-01-17-23-13-38,L5,1.156,1.4275279687747775,1.7711695744284222,closed,closed,0.6,0.185,0.125
1988-01-24-23-19-56,L5,0.6194,1.5200610866932214,1.9608466035326808,closed,closed,0.75,0.2,0.16
1988-02-25-23-20-26,L5,0.6322,1.4801581718079635,1.855745770434121,closed,closed,0.8,0.20500000000000002,0.16
1988-03-12-23-20-35,L5,0.6527,1.4623793316759024,1.777829762552293,closed,closed,0.75,0.22,0.155
1988-03-28-23-20-43,L5,0.6152,1.465606295068241,1.8868808068093579,closed,closed,0.65,0.17500000000000002,0.15
1988-04-13-23-20-47,L5,0.4486,1.3239326513500618,1.9079004521688072,closed,closed,0.65,0.165,0.125
1988-04-22-23-14-40,L5,1.1493,1.5248733008215414,2.5454215416441164,closed,closed,0.65,0.17500000000000002,0.115
1988-05-08-23-14-50,L5,1.5462,1.5486601178776354,2.5564268264628836,open,closed,0.55,0.115,0.11
1988-06-09-23-15-03,L5,1.3239,1.6099248160459878,2.4716285293881226,open,closed,0.55,0.12000000000000001,0.07500000000000001
1988-06-16-23-21-17,L5,2.011,1.2674556703735167,1.7737728917884341,closed,closed,0.1,0.13,0.095
1988-06-25-23-15-08,L5,1.539,1.6274740253458893,2.400252052429775,open,closed,0.5,0.115,0.085
1988-07-02-23-21-21,L5,2.5762,1.0146291841557797,1.1251089146384068,open,open,0.05,0.055,0.034999999999999996
1988-07-11-23-15-12,L5,1.4479,1.4014717305865199,2.109941786225549,open,open,0.15,0.045,0.049999999999999996
1988-07-27-23-15-14,L5,1.3095,1.6450924365815067,2.4227153215220163,open,open,0.25,0.07,0.06
1988-08-03-23-21-25,L5,1.1072,1.6318695490195776,2.3092227533450758,open,open,0.4,0.085,0.09000000000000001
1988-08-12-23-15-13,L5,1.4936,1.6151942611728674,2.3049805176639158,open,open,0.15,0.049999999999999996,0.04
1988-08-28-23-15-18,L5,1.2503,1.6344997135723238,2.2427792936889364,open,open,0.1,0.025,0.02
1988-09-04-23-21-29,L5,1.0316,1.5577780248447337,2.017915203063121,open,open,0.3,0.07,0.06
1988-09-13-23-15-16,L5,1.3201,1.5225306289674552,2.0482394196538993,open,open,0.1,0.034999999999999996,0.030000000000000002
1988-09-29-23-15-09,L5,1.3043,1.410786627130372,1.7960283821178316,open,open,0.1,0.030000000000000002,0.030000000000000002
1988-10-06-23-21-20,L5,0.715,1.5176649134207072,1.9839451906856103,open,open,0.2,0.049999999999999996,0.04
1988-11-23-23-21-17,L5,0.542,1.5459175514420267,1.7798508027752018,open,open,0.15,0.025,0.01
1988-12-02-23-15-03,L5,1.3225,1.4067066144490097,1.7384504656090323,open,open,0.2,0.11,0.08
1988-12-18-23-14-51,L5,1.319,1.5284587161073258,1.947044747990329,open,open,0.4,0.115,0.049999999999999996
1989-01-10-23-20-55,L5,0.6865,1.4213237026632246,1.8821812813776089,open,open,0.15,0.045,0.030000000000000002
1989-01-19-23-14-30,L5,1.1792,1.547637213608847,2.0037373148085664,open,open,0.15,0.045,0.025
1989-02-27-23-20-29,L5,1.1304,1.5197966011625414,1.9119011410171227,open,closed,0.55,0.17,0.14500000000000002
1989-03-15-23-19-56,L5,0.5726,1.1672645950380245,1.62988868099885,open,open,0.35,0.06,0.034999999999999996
1989-06-12-23-12-29,L5,1.5392,1.4566572998113387,2.4790054860897546,open,open,0.5,0.085,0.065
1989-07-14-23-11-53,L5,1.2481,1.5868661774164283,2.4451147948832266,closed,closed,0.6,0.17500000000000002,0.06
1989-07-21-23-17-55,L5,0.727,1.5680273645290792,2.277677008820501,open,open,0.25,0.04,0.04
1989-07-30-23-11-35,L5,1.2992,1.47246942478731,2.3191277816344424,open,closed,0.5,0.125,0.07500000000000001
1989-08-06-23-17-36,L5,0.6856,1.5323626498682021,2.225056916060866,open,open,0.45,0.095,0.085
1989-08-15-23-11-11,L5,1.2424,1.494590172808536,2.2416809521835996,closed,closed,0.55,0.16,0.07
1989-09-07-23-16-52,L5,0.9241,1.5881712831654329,2.056146780970237,open,closed,0.6,0.165,0.15
1989-09-16-23-10-20,L5,1.229,1.6775807551996293,2.332085421494859,open,open,0.25,0.06,0.055
1989-09-23-23-16-26,L5,0.7664,1.547479385387746,2.0265605659701715,open,closed,0.6,0.14500000000000002,0.115
1989-10-02-23-10-11,L5,1.251,1.567849213105255,2.1014984602430666,open,open,0.25,0.08,0.034999999999999996
1989-10-09-23-16-07,L5,0.7704,1.4588208227887651,1.8224257882621202,closed,closed,0.65,0.22,0.17500000000000002
1989-10-18-23-09-27,L5,1.2242,1.522882518367066,2.051464738075796,open,open,0.3,0.07500000000000001,0.06
1990-03-02-23-11-39,L5,0.7067,1.3430928027978255,1.7471438928373013,open,closed,0.5,0.17,0.13
1990-03-11-23-05-10,L5,1.2006,1.5751008273011737,2.151581647369117,open,open,0.3,0.07,0.030000000000000002
1990-03-27-23-04-40,L5,1.3952,1.5581730454140286,2.143896388268663,open,closed,0.5,0.14,0.1
1990-04-12-23-04-42,L5,1.3203,1.2249005488448403,1.8804246480065634,closed,closed,0.65,0.125,0.125
1990-06-06-23-10-52,L5,0.59,1.40061668713088,2.2118490311139376,open,open,0.3,0.08,0.065
1990-07-08-23-10-49,L5,0.569,1.3213976991060168,1.9164117957419924,open,open,0.25,0.07,0.04
1990-07-24-23-10-45,L5,0.5778,1.4824104882902849,2.089570768512887,open,open,0.4,0.095,0.09000000000000001
1990-08-09-23-10-40,L5,0.6606,1.2777530067438356,1.9156679074999552,open,open,0.5,0.07500000000000001,0.06
1990-09-03-23-04-21,L5,1.2159,1.5349978896593945,2.048244741075528,open,open,0.15,0.06,0.055
1990-09-10-23-10-32,L5,0.8197,1.6033015487100273,2.09090645925099,closed,closed,0.55,0.16,0.155
1990-09-19-23-04-17,L5,1.2962,1.088816547246447,1.4800083415239864,open,open,0.15,0.055,0.049999999999999996
1990-09-26-23-10-25,L5,0.9979,1.3657101442901616,2.06541899519194,closed,closed,0.6,0.16,0.155
1990-10-05-23-04-04,L5,1.1858,1.4360816075446208,2.1230737291254185,open,open,0.15,0.04,0.015
1990-10-21-23-04-03,L5,1.1936,1.4241379430595944,1.8188247315667216,open,open,0.35,0.095,0.095
1990-10-28-23-10-10,L5,0.7506,1.4841253168207393,1.8898380651931497,closed,closed,0.75,0.23,0.16
1990-11-22-23-03-54,L5,1.1981,1.4815572146098421,1.850702324026909,closed,closed,0.7,0.215,0.14500000000000002
1990-12-24-23-04-08,L5,1.1925,1.3966782167632865,1.7588127081034213,closed,closed,0.55,0.215,0.155
1991-01-09-23-04-34,L5,1.1578,1.3881997897065903,1.725273357064347,closed,closed,0.55,0.195,0.16
1991-03-21-23-12-14,L5,0.6548,1.400143200830861,1.7125825922148703,closed,closed,0.75,0.20500000000000002,0.135
1991-04-15-23-06-27,L5,1.2967,1.5729820829775452,1.9969125308380424,closed,closed,0.65,0.20500000000000002,0.08
1991-04-22-23-12-42,L5,0.6829,1.4429127141167126,1.8058690285924996,closed,closed,0.7,0.215,0.09000000000000001
1991-06-25-23-13-45,L5,0.5994,1.4746346499450678,2.135544592553489,open,closed,0.5,0.14500000000000002,0.08
1991-07-20-23-07-55,L5,1.3662,1.4716245488985833,2.275118155481847,closed,closed,0.65,0.155,0.08
1991-07-27-23-14-10,L5,0.652,1.4866250951360442,2.1272523289285514,open,open,0.4,0.085,0.08
1991-08-05-23-08-01,L5,1.3556,1.4534590984531428,2.120701321089272,open,open,0.45,0.1,0.1
1991-08-12-23-14-12,L5,0.6388,1.5118310152442205,2.0395974805026236,open,open,0.15,0.034999999999999996,0.04
1991-08-28-23-14-21,L5,0.5944,1.491972164402485,1.9445741344177556,open,open,0.15,0.055,0.049999999999999996
1991-09-06-23-08-20,L5,1.2224,1.5234855732585457,2.0831418985121424,open,open,0.25,0.085,0.1
1991-09-29-23-14-39,L5,0.6518,1.389948919480498,1.7471704832495143,open,open,0.3,0.085,0.095
1991-10-08-23-08-34,L5,1.085,1.3359809038948856,1.7030785334292189,open,open,0.15,0.045,0.030000000000000002
1991-10-24-23-08-37,L5,1.1362,1.3552397517903143,1.7140385375724303,open,open,0.1,0.045,0.04
1991-11-09-23-08-43,L5,1.192,1.3620903786384517,1.72454815051821,open,open,0.15,0.045,0.06
1991-12-02-23-15-08,L5,0.5175,1.3531452590563176,1.6342030262868616,open,open,0.2,0.09000000000000001,0.08
1991-12-18-23-15-01,L5,0.5638,1.3202314414550214,1.7750538046379232,open,open,0.25,0.085,0.055
1992-01-12-23-08-46,L5,1.2274,1.3383363354435607,1.8991665244670015,open,open,0.35,0.115,0.09000000000000001
1992-01-19-23-14-57,L5,0.5134,1.3900037859361867,1.7629279437492202,open,open,0.15,0.01,0.005
1992-01-28-23-08-51,L5,1.179,1.4489184209394916,1.854442932925102,open,open,0.35,0.115,0.115
1992-03-23-23-14-49,L5,0.6379,1.4304947931157919,1.8140997392928861,open,open,0.3,0.08,0.09000000000000001
1992-04-08-23-14-40,L5,0.5848,1.3936388123931247,1.7993461011354202,open,open,0.35,0.095,0.07500000000000001
1992-04-24-23-14-32,L5,0.5785,1.3776478145861144,1.7609053813046875,open,open,0.3,0.115,0.10500000000000001
1992-05-03-23-08-18,L5,1.2339,1.5491465907399533,2.1560220716388705,open,open,0.1,0.034999999999999996,0.02
1992-05-10-23-14-25,L5,0.4349,1.4370788206908292,1.8696761458305742,open,open,0.2,0.07,0.07500000000000001
1992-05-19-23-08-09,L5,1.2348,1.4006587077830448,1.906638485162291,open,open,0.2,0.065,0.07
1992-05-26-23-14-17,L5,0.5326,1.4135403949279017,1.9638858504721435,open,open,0.25,0.07500000000000001,0.07500000000000001
1992-06-04-23-08-01,L5,1.2472,1.47781421145062,2.1366070215413044,open,open,0.25,0.065,0.055
1992-06-11-23-14-07,L5,0.4489,1.4320177984740172,1.9928535064688302,open,open,0.1,0.055,0.049999999999999996
1992-06-20-23-07-48,L5,1.2258,1.4326345471185284,2.08278263046425,open,open,0.25,0.15,0.07
1992-07-06-23-07-37,L5,1.1992,1.3207665971793745,1.822775137460187,open,open,0.2,0.09000000000000001,0.07500000000000001
1992-07-13-23-13-43,L5,0.5366,1.4398288204307945,2.025178409271527,open,open,0.1,0.049999999999999996,0.04
1992-07-22-23-07-24,L5,1.2548,1.4713025989018547,2.11932214355389,open,closed,0.35,0.14500000000000002,0.10500000000000001
1992-08-07-23-07-12,L5,1.2215,1.4641741231537833,2.0729076297047277,open,open,0.3,0.135,0.1
1992-08-14-23-13-16,L5,0.5191,1.5502735644168906,2.044154767793115,open,open,0.15,0.045,0.055
1992-08-30-23-13-01,L5,0.5108,1.4049722376768883,1.8118618915284508,open,open,0.1,0.04,0.015
1992-09-15-23-12-47,L5,0.5049,1.4062012356035152,1.7973361854251906,open,open,0.15,0.034999999999999996,0.030000000000000002
1992-09-24-23-06-25,L5,0.9153,1.3289396701368614,1.6766690837663687,open,open,0.15,0.01,0.015
1992-10-01-23-12-25,L5,0.7301,1.2124736524573128,1.438891395189379,open,open,0.25,0.1,0.07500000000000001
1992-10-17-23-12-10,L5,0.5067,1.066099837717684,1.139994880074496,open,open,0.05,0.049999999999999996,0.034999999999999996
1993-01-14-23-06-09,L5,1.2262,1.426482437441086,1.7537754283770104,open,closed,0.45,0.17500000000000002,0.155
1993-02-06-23-12-36,L5,0.5764,1.5075354565859131,1.8901117463215908,open,open,0.1,0.045,0.01
1993-02-15-23-06-28,L5,1.2341,1.4476979491282231,1.8606151835520548,open,open,0.35,0.125,0.11
1993-02-22-23-12-39,L5,0.6125,1.385375547693072,1.688518116523075,open,open,0.15,0.04,0.025
1993-03-19-23-06-40,L5,1.2758,1.4718742609579176,1.8957528585586487,open,open,0.25,0.10500000000000001,0.11
1993-03-26-23-12-51,L5,0.6723,1.4945968509722394,1.890150863334885,open,open,0.3,0.09000000000000001,0.08
1993-04-11-23-12-59,L5,0.4363,1.2044365927221292,1.4200384074862817,open,open,0.15,0.095,0.085
1993-05-13-23-13-10,L5,0.5998,1.5011216016573357,1.972957146973941,open,open,0.4,0.135,0.095
1993-06-07-23-07-04,L5,1.2294,1.5223307568663842,2.17200156771909,open,open,0.2,0.07500000000000001,0.07500000000000001
1993-06-14-23-13-13,L5,0.5144,1.5603317581251201,2.2771270563081543,open,open,0.35,0.09000000000000001,0.030000000000000002
1993-06-30-23-13-06,L5,0.524,1.4905394046171754,2.1439963675766434,open,open,0.4,0.125,0.09000000000000001
1993-07-09-23-06-54,L5,1.2323,1.5437924978673128,2.395778538836561,open,open,0.35,0.11,0.07500000000000001
1993-07-16-23-13-05,L5,0.5713,1.608502036011209,2.4084062101724952,open,open,0.45,0.135,0.095
1993-07-25-23-06-53,L5,1.2206,1.5328788094016914,2.305940266287982,open,open,0.25,0.095,0.095
1993-08-01-23-13-04,L5,0.4943,1.528673280190871,2.225683217401441,open,open,0.1,0.049999999999999996,0.04
1993-08-10-23-06-54,L5,1.2447,1.5704344879159748,2.3135854418333848,open,closed,0.45,0.165,0.115
1993-08-17-23-13-05,L5,0.4905,1.591676874723602,2.2842041991860595,open,open,0.15,0.04,0.030000000000000002
1993-09-27-23-06-49,L5,1.2841,1.4753356055844649,1.9535913278282013,open,closed,0.5,0.15,0.14500000000000002
1993-10-04-23-12-58,L5,0.5697,1.5980202023920282,2.07066691964391,open,open,0.1,0.08,0.034999999999999996
1993-10-20-23-12-50,L5,0.558,1.483891559575227,1.87956754894018,open,open,0.45,0.12000000000000001,0.09000000000000001
1993-11-05-23-12-44,L5,0.5938,1.5001939347037163,1.9105655309863867,open,open,0.45,0.10500000000000001,0.055
1993-11-21-23-12-36,L5,0.6125,1.4639297691036992,1.7912530571882894,open,open,0.5,0.14500000000000002,0.12000000000000001
1993-11-30-23-06-24,L5,1.1945,1.4745198574871123,1.8809780865949874,open,open,0.2,0.030000000000000002,0.01
1994-01-08-23-12-11,L5,0.5276,1.4426432794696535,1.716900400570775,open,open,0.2,0.049999999999999996,0.015
1994-01-17-23-05-51,L5,1.2492,1.4694567382383203,1.834475570723502,open,open,0.45,0.115,0.09000000000000001
1994-01-24-23-11-58,L5,0.5184,1.4629295479309599,1.7859565471339742,open,open,0.3,0.07500000000000001,0.034999999999999996
1994-02-09-23-11-48,L5,0.5582,1.2678336765211817,1.4555422266898799,open,open,0.15,0.04,0.02
1994-03-22-23-05-00,L5,1.3905,1.4172351819728806,1.8818260965144973,closed,closed,0.55,0.15,0.14
1994-04-07-23-04-43,L5,1.2789,1.4209712428447672,1.8712949414363313,open,open,0.4,0.09000000000000001,0.07500000000000001
1994-04-23-23-04-26,L5,1.2384,1.5183690136880594,2.2580504849093086,open,open,0.3,0.085,0.07500000000000001
1994-04-30-23-10-29,L5,0.5447,1.5715225425712265,2.336752760062207,open,open,0.45,0.095,0.065
1994-06-01-23-09-54,L5,0.7322,1.463096686221153,2.136409375828957,open,closed,0.5,0.13,0.10500000000000001
1994-07-12-23-02-43,L5,1.2834,1.5647510038141876,2.4252307070083887,open,closed,0.4,0.09000000000000001,0.095
1994-07-19-23-08-42,L5,0.6104,1.5570885474329699,2.288040758028877,open,closed,0.45,0.13,0.11
1994-07-28-23-02-16,L5,1.3358,1.614168888805467,2.3818846481173552,closed,closed,0.65,0.125,0.1
1994-08-04-23-08-15,L5,0.5911,1.6080049339079077,2.379966862570537,closed,closed,0.65,0.17,0.11
1994-08-13-23-01-52,L5,1.2044,1.629066369866624,2.485297475983257,closed,closed,0.65,0.18000000000000002,0.125
1994-09-05-23-07-30,L5,0.5245,1.6614670836937284,2.1860797532567298,closed,closed,0.65,0.17,0.10500000000000001
1994-09-14-23-01-05,L5,1.195,1.6548854033710956,2.2621135419071567,closed,closed,0.7,0.2,0.14500000000000002
1994-09-21-23-07-04,L5,0.5434,1.5965050014435345,2.06321597315846,closed,closed,0.75,0.18000000000000002,0.14500000000000002
1994-09-30-23-00-37,L5,1.1795,1.5533849918503966,2.099438568587446,closed,closed,0.75,0.21000000000000002,0.17
1994-10-07-23-06-35,L5,0.6147,1.4668433392333189,1.867509001972148,closed,closed,0.7,0.085,0.065
1994-10-16-23-00-07,L5,1.1905,1.5695073028295985,2.124690490738715,closed,closed,0.7,0.22,0.19
1994-10-23-23-06-03,L5,0.5434,1.7307339053303215,2.2519680955238766,closed,closed,0.65,0.225,0.155
1994-12-03-22-58-31,L5,1.1608,1.461721702949374,1.8306276407651914,closed,closed,0.6,0.22,0.14
1994-12-10-23-04-29,L5,0.5614,1.5276666834124266,1.9337098537507027,closed,closed,0.65,0.23,0.155
1995-01-11-23-03-24,L5,0.5654,1.5282791542665366,1.9473967187914705,closed,closed,0.65,0.22,0.15
1995-01-20-22-56-53,L5,1.163,1.4381167900198835,1.9481120515609531,closed,closed,0.55,0.18000000000000002,0.14
1995-02-12-23-02-07,L5,0.6041,1.4629038945292199,1.8387185136846558,closed,closed,0.75,0.21000000000000002,0.15
1995-02-21-22-55-35,L5,1.1912,1.4553641809603457,1.94175168020867,closed,closed,0.75,0.215,0.15
1995-03-09-22-54-57,L5,1.1763,1.5903945274998221,2.295252217768681,closed,closed,0.7,0.21000000000000002,0.135
1995-03-16-23-00-51,L5,0.5632,1.4385556821823324,1.8607290485834338,closed,closed,0.65,0.195,0.115
1995-04-01-23-00-12,L5,0.574,1.5554787277118074,1.9897599797093795,closed,closed,0.75,0.215,0.135
1995-04-17-22-59-32,L5,0.5418,1.5149359369841409,2.0070335351697106,closed,closed,0.75,0.195,0.13
1995-05-03-22-58-50,L5,0.5384,1.5406268772873772,2.1776086121916647,closed,closed,0.7,0.17500000000000002,0.08
1995-05-28-22-51-30,L5,1.3198,1.545123150339582,2.3590491105469042,closed,closed,0.65,0.195,0.11
1995-06-04-22-57-20,L5,0.5483,1.4364101756748888,2.131269131333243,closed,closed,0.7,0.195,0.095
1995-06-20-22-56-37,L5,0.4234,1.4289000631566535,2.3307728075682483,open,closed,0.35,0.034999999999999996,0.015
1995-06-29-22-50-02,L5,1.2123,1.5987063433548963,2.6262180490645664,closed,closed,0.7,0.19,0.1
1995-07-15-22-49-18,L5,1.2031,1.6258900101288989,2.6523108040434513,closed,closed,0.7,0.195,0.11
1995-07-31-22-48-36,L5,1.1959,1.6317928898630683,2.707359211638908,closed,closed,0.65,0.19,0.11
1995-08-07-22-54-28,L5,0.5342,1.6144826695326415,2.522402047282024,closed,closed,0.7,0.195,0.14
1995-08-16-22-47-52,L5,1.1988,1.6788529982178,2.6253849241620664,closed,closed,0.7,0.2,0.135
1995-10-10-22-51-18,L5,0.5661,1.586280833014743,2.095656793927024,closed,closed,0.7,0.21000000000000002,0.15
1995-11-04-22-44-01,L5,1.134,1.66108670116155,2.2826717165141166,closed,closed,0.65,0.18000000000000002,0.13
1995-12-06-22-44-56,L5,1.1169,1.3729296268419129,1.962152168860634,closed,closed,0.7,0.20500000000000002,0.12000000000000001
1995-12-13-22-51-38,L5,0.3285,1.1873056994462405,1.4487433089295298,open,closed,0.7,0.15,0.095
1996-01-14-22-53-57,L5,0.4462,1.56117847565303,2.120896391434193,closed,closed,0.6,0.2,0.125
1996-02-08-22-49-31,L5,1.1153,1.4329196779874955,1.8596134232444164,closed,closed,0.65,0.23,0.155
1996-03-02-22-57-15,L5,0.454,1.4398086887886379,1.8913757739836525,closed,closed,0.35,0.13,0.055
1996-03-11-22-51-39,L5,1.1295,1.610493397834496,2.17843736441622,closed,closed,0.7,0.22,0.15
1996-03-18-22-58-17,L5,0.5121,1.5803787450506601,2.0582119325927457,closed,closed,0.75,0.215,0.12000000000000001
1996-04-19-23-00-17,L5,0.486,1.5747034981964054,2.4505009560019353,closed,closed,0.75,0.22,0.12000000000000001
1996-05-14-22-55-35,L5,1.2406,1.539576679516097,2.491224779636643,closed,closed,0.7,0.21000000000000002,0.095
1996-05-21-23-02-10,L5,0.3978,1.522609905430722,2.3039778291885105,closed,closed,0.65,0.12000000000000001,0.045
1996-05-30-22-56-29,L5,1.0924,1.4522949504649418,2.259473428248039,closed,closed,0.6,0.21000000000000002,0.09000000000000001
1996-07-01-22-58-12,L5,1.0609,1.4894037549737982,2.3209330500129113,closed,closed,0.75,0.22,0.095
1996-07-08-23-04-44,L5,0.4185,1.49968620105446,2.393868603525933,closed,closed,0.8,0.215,0.1
1996-07-17-22-59-02,L5,1.0822,1.5714373331084486,2.6157751764286328,closed,closed,0.7,0.19,0.11
1996-07-24-23-05-35,L5,0.4318,1.5540993969718166,2.413587010814413,closed,closed,0.8,0.2,0.11
1996-08-02-22-59-53,L5,1.0827,1.5157152669663103,2.251824023395897,closed,closed,0.65,0.20500000000000002,0.12000000000000001
1996-08-25-23-07-17,L5,0.4324,1.4930575168648816,2.0689667579895685,closed,closed,0.75,0.20500000000000002,0.08
1996-09-03-23-01-37,L5,1.4992,1.172510139185287,1.7839822063584767,closed,closed,0.75,0.125,0.08
1996-09-10-23-08-11,L5,0.821,1.430166268342378,2.1059466487014764,open,closed,0.6,0.16,0.13
1996-09-26-23-09-03,L5,0.6458,1.6063806055348597,2.3374883644232995,open,open,0.15,0.04,0.045
1996-10-12-23-09-53,L5,0.758,1.5855756072131597,2.0674353880949092,open,open,0.2,0.045,0.025
1996-10-28-23-10-40,L5,0.7916,1.545494208402205,1.9824766478750027,open,open,0.1,0.030000000000000002,0.015
1996-11-13-23-11-25,L5,0.5389,1.5094768202063737,1.90008866475607,open,open,0.1,0.04,0.025
1996-11-29-23-12-11,L5,0.598,1.3536640524594084,1.7207796542803824,open,open,0.2,0.085,0.045
1996-12-08-23-06-26,L5,1.2272,1.5030597922792006,1.9373102371575484,open,open,0.3,0.07,0.055
1996-12-15-23-12-56,L5,0.7164,1.340702658008052,1.6092275708131232,open,open,0.35,0.1,0.09000000000000001
1997-02-17-23-15-51,L5,1.1387,1.5753893525405884,2.0173646792777524,closed,closed,0.6,0.155,0.14
1997-03-14-23-10-40,L5,1.3581,1.4665792676172795,1.9273298001691517,open,closed,0.5,0.14500000000000002,0.14
1997-04-06-23-17-43,L5,0.4921,1.4219764987577033,1.814003780478192,open,open,0.1,0.049999999999999996,0.015
1997-04-15-23-11-51,L5,1.3032,1.4215694690506928,1.9310396245732628,open,closed,0.45,0.15,0.14500000000000002
1997-05-08-23-18-50,L5,0.6512,1.4547434248696003,1.8947787528409579,open,open,0.3,0.06,0.04
1997-05-24-23-19-24,L5,0.6437,1.6289142990678918,2.3594131590358094,open,closed,0.55,0.16,0.07500000000000001
1997-06-09-23-19-57,L5,0.6548,1.5936158062211296,2.3132909101435826,closed,closed,0.55,0.155,0.10500000000000001
1997-07-20-23-15-10,L5,1.2418,1.5512029123638473,2.339602811665173,closed,closed,0.5,0.19,0.11
1997-08-05-23-15-42,L5,1.2184,1.612806409191385,2.394758161446607,closed,closed,0.65,0.18000000000000002,0.10500000000000001
1997-08-12-23-22-07,L5,0.5967,1.5614365715061076,2.2253195247292177,closed,closed,0.75,0.195,0.125
1997-08-21-23-16-13,L5,1.2604,1.5548071103237706,2.141510488406674,closed,closed,0.7,0.195,0.12000000000000001
1997-08-28-23-22-36,L5,0.5533,1.5308769827288946,2.0812621352053475,closed,closed,0.6,0.22,0.23500000000000001
1997-09-13-23-23-04,L5,0.4925,1.354537256428356,1.7038015038249548,closed,closed,0.4,0.16,0.115
1997-09-29-23-23-31,L5,0.5715,1.6098246875419584,2.1644486253100994,closed,closed,0.65,0.195,0.135
1997-10-08-23-17-35,L5,1.1437,1.266113807074534,1.7369601768856011,closed,closed,0.65,0.195,0.14
1997-10-24-23-18-01,L5,1.1279,1.521984960781229,2.116555824685726,closed,closed,0.65,0.22,0.155
1997-10-31-23-24-23,L5,0.5038,1.3604092716253986,1.6012357214418318,closed,closed,0.65,0.195,0.12000000000000001
1997-11-09-23-18-25,L5,1.1016,1.4478304038225271,1.886664867985597,closed,closed,0.6,0.20500000000000002,0.155
1997-11-16-23-24-45,L5,0.4889,1.462365335343557,1.8011837839134266,closed,closed,0.6,0.20500000000000002,0.12000000000000001
1997-11-25-23-18-47,L5,1.1248,1.4687246900073316,1.8591774956768923,closed,closed,0.55,0.22,0.15
1997-12-11-23-19-12,L5,1.1608,1.536909092761836,1.9628008118827942,closed,closed,0.6,0.21000000000000002,0.155
1998-01-12-23-19-57,L5,1.1948,1.485581947865678,1.8966442552647613,closed,closed,0.6,0.185,0.14500000000000002
1998-02-04-23-26-37,L5,0.6282,1.4433278035375765,1.818122094998965,closed,closed,0.65,0.2,0.14500000000000002
1998-04-02-23-21-20,L5,1.4573,1.378247691051529,1.8107478933601158,closed,closed,0.6,0.195,0.125
1998-04-18-23-21-33,L5,1.474,1.4200476312414039,1.875683565862669,closed,closed,0.75,0.20500000000000002,0.135
1998-04-25-23-27-49,L5,0.9137,1.3960556087076383,1.7716139871850978,closed,closed,0.65,0.19,0.135
1998-05-11-23-28-05,L5,0.7196,1.5294670614134194,2.055708241343702,closed,closed,0.7,0.12000000000000001,0.049999999999999996
1998-05-27-23-28-20,L5,0.4586,1.4412390709537644,2.276472189585856,closed,closed,0.55,0.125,0.065
1998-06-05-23-22-17,L5,1.1768,1.5265702532957475,2.5667902601853916,closed,closed,0.7,0.17,0.08
1998-06-12-23-28-33,L5,0.356,1.4354987749336476,2.274060605684072,closed,closed,0.5,0.085,0.04
1998-06-28-23-28-44,L5,0.4586,1.44010057225594,2.444694913858019,closed,closed,0.7,0.19,0.1
1998-07-07-23-22-41,L5,1.1385,1.493987461081488,2.5040222885119365,closed,closed,0.65,0.19,0.1
1998-07-23-23-22-50,L5,1.1012,1.5689932425284763,2.774478478609204,closed,closed,0.65,0.13,0.06
1998-07-30-23-29-02,L5,0.4466,1.5114967190650017,2.5821002695599673,closed,closed,0.75,0.2,0.12000000000000001
1998-08-24-23-23-06,L5,1.4656,1.2632281872330684,2.043588341291205,open,open,0.1,0.030000000000000002,0.025
1998-08-31-23-29-21,L5,1.1423,1.3896321076137108,2.230052310928574,open,closed,0.6,0.155,0.13
1998-09-16-23-29-28,L5,0.767,1.5865834885567884,2.0682447802347648,open,open,0.45,0.1,0.1
1998-09-25-23-23-20,L5,1.5084,1.368037997932621,1.7559581819921395,open,open,0.35,0.085,0.09000000000000001
1998-10-11-23-23-20,L5,1.5921,1.5019486418335628,1.9867805739111337,open,open,0.4,0.085,0.07500000000000001
1998-10-27-23-23-23,L5,1.2087,1.4734822895653499,1.8720628742565733,open,open,0.25,0.08,0.1
1998-12-05-23-29-39,L5,0.5996,1.540748324434844,1.8924035241471604,open,open,0.2,0.049999999999999996,0.034999999999999996
1999-02-16-23-23-46,L5,1.1988,1.4454366880111373,2.0447364130657006,open,closed,0.55,0.155,0.034999999999999996
1999-04-12-23-29-25,L5,0.5488,1.4135488011209423,1.8613918136090637,closed,closed,0.6,0.155,0.13
1999-05-30-23-28-48,L5,0.5321,1.4732135406233677,2.0590424513799745,closed,closed,0.7,0.19,0.10500000000000001
1999-08-02-23-28-24,L5,0.4808,1.5275050382238138,2.5858599368460014,closed,closed,0.7,0.18000000000000002,0.10500000000000001
1999-08-18-23-28-14,L5,0.4727,1.5296862039663977,2.2984914411561963,closed,closed,0.75,0.195,0.12000000000000001
1999-09-12-23-21-18,L5,1.0906,1.5014665509426488,1.96878036531087,closed,closed,0.7,0.185,0.085
1999-09-28-23-21-00,L5,1.0942,1.563273755211242,2.214120690616882,closed,closed,0.6,0.17500000000000002,0.125
2003-07-05-23-20-46,L5,1.2658,1.5512632222343627,2.471545442241757,open,closed,0.55,0.13,0.085
2003-07-12-23-27-04,L5,0.5879,1.571797781433799,2.355019222201264,open,open,0.45,0.085,0.085
2003-07-21-23-21-02,L5,1.2559,1.5049858472882471,2.156479591089749,open,closed,0.5,0.13,0.07
2003-07-28-23-27-21,L5,0.5724,1.628306760102442,2.3304634214904087,open,open,0.3,0.085,0.085
2003-09-07-23-21-53,L5,1.1934,1.4799864782749963,2.027804016538523,open,closed,0.55,0.18000000000000002,0.12000000000000001
2003-09-14-23-28-11,L5,0.5492,1.390470127181263,1.7435070560586794,open,closed,0.6,0.155,0.115
2003-09-23-23-22-08,L5,1.1556,1.3293450789659584,1.6286066968335273,closed,closed,0.55,0.22,0.15
2003-10-09-23-22-20,L5,1.1866,1.4621087732680758,1.9162760194386643,closed,closed,0.7,0.215,0.14500000000000002
2003-12-03-23-29-12,L5,0.5605,1.710496849446302,2.245435752119172,closed,closed,0.8,0.2,0.115
2003-12-12-23-23-03,L5,1.1522,1.3970309101851701,1.7917977134135288,closed,closed,0.55,0.21000000000000002,0.125
2003-12-28-23-23-14,L5,1.1534,1.4016639766701318,1.774571291374825,closed,closed,0.6,0.225,0.14
2004-01-20-23-29-30,L5,0.524,1.329950126368962,1.5610906272457175,closed,closed,0.65,0.195,0.115
2004-02-05-23-29-34,L5,0.5742,1.4699161105924217,1.8385429033001925,closed,closed,0.7,0.21000000000000002,0.11
2004-04-25-23-30-40,L5,0.4993,1.4380221497266557,1.8662456874459203,closed,closed,0.65,0.19,0.09000000000000001
2004-05-04-23-24-45,L5,1.2213,1.442921024646619,1.9967207228376531,closed,closed,0.65,0.17500000000000002,0.11
2004-05-20-23-25-13,L5,1.2393,1.539775045004562,2.2131215440526906,closed,closed,0.7,0.195,0.09000000000000001
2004-05-27-23-31-36,L5,0.5247,1.5600454427733552,2.251536287389847,closed,closed,0.75,0.2,0.085
2004-06-05-23-25-42,L5,1.2424,1.5742742377335741,2.381459588940034,closed,closed,0.65,0.19,0.095
2004-06-12-23-32-04,L5,0.4545,1.3848819236717917,1.9797575055994245,closed,closed,0.5,0.155,0.08
2004-06-21-23-26-09,L5,1.2429,1.5882494617603518,2.4359482610674013,closed,closed,0.65,0.185,0.09000000000000001
2004-06-28-23-32-33,L5,0.5357,1.6175122764120649,2.3669729103245776,closed,closed,0.7,0.20500000000000002,0.11
2004-07-14-23-33-00,L5,0.5634,1.6026417899882486,2.43983457499905,closed,closed,0.7,0.195,0.09000000000000001
2004-07-30-23-33-21,L5,0.5679,1.5883672295935929,2.3660619079991725,closed,closed,0.8,0.185,0.085
2004-08-08-23-27-19,L5,1.2447,1.7002080475760757,2.545319916430772,closed,closed,0.7,0.21000000000000002,0.10500000000000001
2004-08-15-23-33-42,L5,0.7389,1.308913331922445,1.7246414042135791,open,closed,0.3,0.11,0.065
2004-08-24-23-27-47,L5,1.2254,1.6784217055194206,2.361292933445879,closed,closed,0.65,0.20500000000000002,0.11
2004-08-31-23-34-08,L5,0.5753,1.5813456551895577,2.1403127670379436,closed,closed,0.8,0.195,0.1
2004-09-09-23-28-13,L5,1.2382,1.6339451738306012,2.1672961974488585,closed,closed,0.75,0.19,0.1
2004-09-16-23-34-34,L5,0.5857,1.5074884234781174,1.951620128717302,closed,closed,0.8,0.19,0.10500000000000001
2004-09-25-23-28-36,L5,1.2402,1.5056451301812455,1.9982652057291912,closed,closed,0.7,0.20500000000000002,0.135
2004-10-02-23-34-56,L5,0.6129,1.7108559707531286,2.251676367771954,closed,closed,0.75,0.17500000000000002,0.1
2004-10-11-23-28-56,L5,1.1781,1.4739142239771768,1.9035719039966021,closed,closed,0.6,0.19,0.12000000000000001
2004-10-27-23-29-16,L5,1.1045,1.3519202658856633,1.8634256685242703,closed,closed,0.65,0.18000000000000002,0.125
2004-11-19-23-35-48,L5,0.3692,1.244631287402244,1.533152039882804,closed,closed,0.55,0.185,0.11
2004-11-28-23-29-52,L5,1.0804,1.412873388062383,1.85988234399856,closed,closed,0.5,0.19,0.115
2004-12-05-23-36-12,L5,0.3708,1.2765582302410254,1.5304967742911033,closed,closed,0.4,0.17,0.09000000000000001
2004-12-14-23-30-11,L5,1.082,1.50996647337251,2.043585554078261,closed,closed,0.65,0.195,0.115
2004-12-30-23-30-26,L5,1.0681,1.4665622837755161,1.8844640694589896,closed,closed,0.55,0.195,0.11
2005-01-06-23-36-42,L5,0.47,1.4535096069614828,1.8531576195907022,closed,closed,0.7,0.20500000000000002,0.115
2005-01-31-23-30-50,L5,1.0737,1.4509472535151553,1.8810695648065527,closed,closed,0.55,0.17500000000000002,0.11
2005-03-04-23-31-21,L5,1.0814,1.3702354761790823,1.8189587378301164,closed,closed,0.45,0.20500000000000002,0.12000000000000001
2005-03-11-23-37-37,L5,0.4867,1.52173076815641,1.956856585589656,closed,closed,0.7,0.19,0.10500000000000001
2005-04-05-23-31-36,L5,1.1459,1.4980923252321523,1.9382515389930826,closed,closed,0.7,0.2,0.095
2005-04-21-23-31-39,L5,1.161,1.4740724658063675,2.11100641878031,closed,closed,0.7,0.2,0.09000000000000001
2005-05-07-23-31-46,L5,1.1763,1.4749568572842406,2.131869375607003,closed,closed,0.65,0.17500000000000002,0.085
2005-05-30-23-38-08,L5,0.4,1.5171248491845204,2.1628739653875906,closed,closed,0.7,0.17500000000000002,0.08
2005-07-17-23-38-28,L5,0.752,1.4555591912318129,2.4382978260291943,closed,closed,0.65,0.125,0.085
2005-07-26-23-32-23,L5,1.3849,1.6156363488100098,2.46782953152001,open,open,0.4,0.09000000000000001,0.08
2005-08-11-23-32-31,L5,1.4792,1.5945658886075225,2.2742220083390756,open,open,0.35,0.09000000000000001,0.095
2005-08-27-23-32-37,L5,1.5991,1.5159962696534792,2.023801111450212,closed,closed,0.6,0.18000000000000002,0.11
2005-09-12-23-32-39,L5,1.2818,1.3860784873607042,1.8054884090890444,open,open,0.35,0.10500000000000001,0.1
2005-09-19-23-38-49,L5,0.5722,1.4957334833303066,1.953562469250046,open,open,0.25,0.049999999999999996,0.025
2005-10-21-23-38-44,L5,0.7592,1.504664231335128,1.8734248216776026,open,open,0.2,0.049999999999999996,0.04
2006-02-10-23-41-08,L5,0.6242,1.4019708864007447,1.7164775104745487,open,open,0.4,0.085,0.06
2006-04-08-23-36-05,L5,1.0845,1.5860312548818998,2.083659752879124,open,open,0.25,0.15,0.04
2006-04-15-23-42-23,L5,0.4266,1.5955076355127384,2.0417030940564356,open,open,0.5,0.125,0.034999999999999996
2006-05-01-23-42-38,L5,0.4077,1.5262049257474177,2.2046668473685456,closed,closed,0.8,0.185,0.07
2006-05-10-23-36-35,L5,1.0933,1.5611279303367644,2.237088422862711,closed,closed,0.65,0.19,0.095
2006-05-26-23-36-47,L5,1.1016,1.6991015921531278,2.5558731068721556,closed,closed,0.75,0.185,0.085
2006-06-11-23-37-02,L5,1.0908,1.6505515135319733,2.473662315525031,closed,closed,0.7,0.185,0.07
2006-06-18-23-43-20,L5,0.4268,1.4438929193602923,2.1104118565518806,open,open,0.15,0.04,0.01
2006-06-27-23-37-17,L5,1.093,1.643536695301626,2.630781893219888,closed,closed,0.75,0.195,0.07500000000000001
2006-07-04-23-43-34,L5,0.3816,1.653355900356287,2.6356954132256982,closed,closed,0.75,0.195,0.065
2006-07-29-23-37-44,L5,1.0928,1.687611712618134,2.6700225931962422,closed,closed,0.7,0.18000000000000002,0.09000000000000001
2006-08-21-23-44-12,L5,0.3863,1.6723246107857799,2.4406626888690353,closed,closed,0.7,0.195,0.11
2006-08-30-23-38-08,L5,1.0692,1.6810779354877574,2.5250182921517754,closed,closed,0.75,0.20500000000000002,0.115
2006-09-22-23-44-36,L5,0.4169,1.4447388684499225,1.9086123337422718,closed,closed,0.6,0.195,0.10500000000000001
2006-10-01-23-38-31,L5,1.0267,1.573421648361791,2.1903462631409183,closed,closed,0.65,0.20500000000000002,0.13
2006-10-08-23-44-46,L5,0.3836,1.4421727370769848,1.8821917882766848,closed,closed,0.6,0.195,0.10500000000000001
2006-11-09-23-45-04,L5,0.3429,1.4761174547259375,1.979076922561789,closed,closed,0.55,0.16,0.08
2006-12-04-23-39-06,L5,0.9081,1.3981318049360367,1.8076963828475516,closed,closed,0.5,0.16,0.115
2007-01-12-23-45-34,L5,0.3251,1.3445467391322048,1.6117058215698998,closed,closed,0.55,0.18000000000000002,0.115
2007-02-13-23-45-40,L5,0.3546,1.5836966611793242,2.045795828189249,closed,closed,0.7,0.19,0.065
2007-02-22-23-39-29,L5,0.9997,1.4758645612323824,1.95218238420092,closed,closed,0.6,0.2,0.12000000000000001
2007-03-01-23-45-39,L5,0.436,1.5880593246888002,2.1439499648868487,closed,closed,0.7,0.18000000000000002,0.1
2007-03-10-23-39-27,L5,1.0379,1.541624907365705,2.0050497927903104,closed,closed,0.7,0.2,0.14
2007-03-26-23-39-24,L5,1.0201,1.627413336285881,2.207122406930594,closed,closed,0.7,0.195,0.10500000000000001
2007-04-11-23-39-20,L5,0.9997,1.5004536476145325,2.0492339538672066,closed,closed,0.65,0.19,0.11
2007-05-04-23-45-20,L5,0.3015,1.4201078015771158,1.795609296576077,closed,closed,0.3,0.115,0.049999999999999996
2007-05-13-23-39-03,L5,0.9493,1.4847556234507844,1.9508219242064395,closed,closed,0.45,0.165,0.07500000000000001
2007-05-20-23-45-09,L5,0.3532,1.5638755793342418,2.1801066468182433,closed,closed,0.75,0.195,0.09000000000000001
2007-05-29-23-38-50,L5,1.0724,1.6119306894788314,2.319500669493309,closed,closed,0.7,0.195,0.095
2007-06-21-23-44-36,L5,0.3751,1.3453790706565,2.2093941895829223,closed,closed,0.7,0.185,0.08
2007-06-30-23-38-16,L5,1.2974,1.4081436405139254,2.2329355120480776,open,open,0.3,0.06,0.055
2007-07-23-23-44-17,L5,1.1002,1.5019144688225532,2.0951687022950187,closed,closed,0.55,0.18000000000000002,0.09000000000000001
2007-08-01-23-38-01,L5,1.2424,1.6823327629486937,2.4143876559466273,open,open,0.25,0.049999999999999996,0.04
2007-09-02-23-37-42,L5,1.5023,1.6349600621188647,2.1834377389288178,open,open,0.15,0.049999999999999996,0.06
2007-09-09-23-43-50,L5,0.7022,1.6490171054262108,2.1215919583809995,open,open,0.1,0.034999999999999996,0.055
2007-09-18-23-37-35,L5,1.483,1.4981986508426262,1.9565544818329597,open,open,0.15,0.06,0.055
2008-02-09-23-35-11,L5,1.235,1.2996810793913198,1.9586766616636633,open,open,0.15,0.045,0.025
2008-03-03-23-40-56,L5,0.5881,1.5709090117228746,2.096572638643477,closed,closed,0.7,0.185,0.10500000000000001
2008-09-27-23-35-21,L5,0.4702,1.4151242429058708,1.7594850184368116,closed,closed,0.55,0.18000000000000002,0.10500000000000001
2008-10-06-23-28-52,L5,1.1709,1.52887127584532,2.013177158946704,closed,closed,0.65,0.20500000000000002,0.12000000000000001
2008-11-23-23-28-05,L5,1.1036,1.2926467681983156,1.5063870676991986,closed,closed,0.4,0.155,0.1
2008-11-30-23-34-29,L5,0.4928,1.3600716897329201,1.581432930106544,closed,closed,0.55,0.17500000000000002,0.1
2009-01-10-23-29-27,L5,1.1997,1.5074061106200525,1.9120035106636541,closed,closed,0.55,0.165,0.12000000000000001
2009-01-17-23-35-49,L5,0.5769,1.5128243456266108,1.8976128199582774,closed,closed,0.6,0.17,0.125
2009-02-18-23-36-39,L5,0.6201,1.4181423824060053,1.7822273194264049,closed,closed,0.6,0.14500000000000002,0.11
2009-02-27-23-30-42,L5,1.3473,1.43503423740924,1.7400728524699975,closed,closed,0.55,0.17500000000000002,0.12000000000000001
2009-03-06-23-37-03,L5,0.8638,1.37113718082315,1.6691079040078003,closed,closed,0.65,0.165,0.115
2009-03-15-23-31-04,L5,1.4726,1.4157690877753373,1.8139011907424205,closed,closed,0.7,0.18000000000000002,0.13
2009-04-07-23-37-45,L5,0.9394,1.4038294040162786,1.760974766816928,closed,closed,0.75,0.17500000000000002,0.10500000000000001
2009-04-16-23-31-44,L5,1.5066,1.4484332689918373,1.8697669981828995,closed,closed,0.65,0.17,0.11
2009-05-02-23-32-02,L5,1.5086,1.508010287074048,1.9981446627447723,closed,closed,0.65,0.16,0.1
2009-08-29-23-40-13,L5,0.8696,1.3330770864996062,1.6761830809124343,closed,closed,0.7,0.17,0.125
2009-09-07-23-34-10,L5,1.5021,1.4896956643826342,1.923023199426205,closed,closed,0.75,0.17500000000000002,0.115
2009-09-23-23-34-22,L5,1.5808,1.4583559957916772,1.8798461717439108,closed,closed,0.7,0.19,0.14
2009-09-30-23-40-38,L5,0.5544,1.3527378716287388,1.8438882671484913,closed,closed,0.2,0.025,0.015
2009-10-16-23-40-48,L5,1.0728,1.4784420201482038,1.8197487323620627,closed,closed,0.7,0.18000000000000002,0.13
2009-11-10-23-34-51,L5,1.584,1.525758084300047,1.9283622087808625,closed,closed,0.65,0.20500000000000002,0.165
2009-11-26-23-34-57,L5,1.5309,1.3732197786565132,1.7390460725688337,closed,closed,0.55,0.195,0.16
2009-12-12-23-35-06,L5,1.6996,1.4524509775100731,1.8020940372606131,closed,closed,0.7,0.2,0.15
2010-01-20-23-41-30,L5,1.1189,1.443585609590406,1.6614837051607754,closed,closed,0.5,0.15,0.13
2010-03-25-23-41-38,L5,0.4536,1.4634651535335719,1.9711754744281937,closed,closed,0.75,0.185,0.13
2010-04-10-23-41-36,L5,0.4547,1.5187535415987132,2.1923141831813595,closed,closed,0.75,0.2,0.11
2010-04-19-23-35-23,L5,1.1907,1.5095629231846563,2.27719446196629,closed,closed,0.65,0.195,0.1
2010-09-10-23-34-44,L5,1.0465,1.5094894856077212,2.2817650693907066,closed,closed,0.8,0.19,0.10500000000000001
2010-10-19-23-40-36,L5,0.317,1.3989090814267267,1.8801892370627178,closed,closed,0.55,0.185,0.10500000000000001
2010-11-20-23-40-30,L5,0.3654,1.455302613548657,1.9698164851386104,closed,closed,0.6,0.21000000000000002,0.13
2010-12-22-23-40-34,L5,0.3424,1.296606361073634,1.6195574616696677,closed,closed,0.55,0.185,0.10500000000000001
2010-12-31-23-34-25,L5,0.986,1.5058098073579758,2.168838756543306,closed,closed,0.6,0.215,0.135
2011-03-12-23-40-36,L5,0.3548,1.5619968475658803,2.117356381709155,closed,closed,0.7,0.22,0.115
2011-03-21-23-34-21,L5,0.9637,1.3214067823030071,1.8562729170575338,open,closed,0.6,0.2,0.07
2011-03-28-23-40-31,L5,0.3764,1.4693035512360466,2.258324565020716,closed,closed,0.7,0.21000000000000002,0.09000000000000001
2011-09-13-23-33-02,L5,1.1524,1.6296446111138088,2.1781187159840525,open,open,0.3,0.07,0.04
2011-09-20-23-39-06,L5,0.567,1.3929581252572274,1.7919843012252605,closed,closed,0.6,0.19,0.10500000000000001
2011-11-07-23-38-22,L5,0.3683,1.3242451305478147,1.6365554739876917,open,open,0.3,0.14,0.085
1999-07-09-23-43-29,L7,0.3976,1.2603549389039213,1.757790797889398,open,open,0.05,0.14,0.085
1999-07-18-23-37-18,L7,0.4702,1.4151591033322646,2.2883071407354296,closed,closed,0.45,0.18000000000000002,0.07
1999-08-03-23-37-25,L7,0.4282,1.6160693269808981,2.7118750857093508,closed,closed,0.6,0.21000000000000002,0.10500000000000001
1999-08-10-23-43-35,L7,1.4242,1.6221546249510976,2.5996174747279657,closed,closed,0.4,0.165,0.11
1999-11-23-23-37-16,L7,0.4118,1.483825196247764,2.478021259565245,closed,closed,0.5,0.23,0.10500000000000001
1999-11-30-23-43-28,L7,1.0303,1.5386623667612467,2.6331025721109906,open,open,0.15,0.15,0.1
2000-01-17-23-43-28,L7,1.3498,1.3064242028967514,1.6450779510583826,closed,closed,0.35,0.16,0.10500000000000001
2000-02-02-23-43-28,L7,1.4321,1.5781907743275219,2.156218882896447,closed,closed,0.65,0.22,0.11
2000-02-27-23-37-09,L7,3.6783,1.323686005366633,1.8088881001741972,closed,closed,0.65,0.25,0.135
2000-04-06-23-43-07,L7,1.3894,1.5611083589165142,2.41117955336491,closed,closed,0.45,0.135,0.045
2000-04-22-23-43-00,L7,1.3799,1.6202243980340105,2.3772391436577327,closed,closed,0.3,0.10500000000000001,0.065
2000-05-08-23-42-50,L7,1.3498,1.725064095399214,2.5673013144123473,closed,closed,0.4,0.16,0.09000000000000001
2000-05-17-23-36-36,L7,0.5371,1.6762347871136467,2.493278540496385,closed,closed,0.7,0.22,0.065
2000-06-02-23-36-24,L7,0.4633,1.7715091170646575,2.730049641162589,open,open,0.7,0.255,0.030000000000000002
2000-06-25-23-42-24,L7,1.4479,1.5791289453676618,2.3650710746591788,closed,open,0.25,0.14,0.07
2000-07-11-23-42-10,L7,1.4301,1.690524221730287,2.5510870397685195,closed,closed,0.25,0.12000000000000001,0.055
2000-07-20-23-35-52,L7,0.594,1.6905912794918216,2.573684588099498,closed,closed,0.85,0.165,0.065
2000-07-27-23-41-53,L7,1.3817,1.7018519707353137,2.6167559679620376,closed,closed,0.35,0.07500000000000001,0.055
2000-08-28-23-41-37,L7,1.3489,1.649503349086582,2.328661729326139,closed,closed,0.45,0.10500000000000001,0.049999999999999996
2000-09-13-23-41-19,L7,1.4278,1.542434553157397,2.076863292256989,closed,closed,0.95,0.17,0.1
2000-09-29-23-41-08,L7,1.3851,1.625148996643435,2.206992823712743,closed,closed,0.4,0.07500000000000001,0.065
2000-10-15-23-40-49,L7,1.4128,1.5520936022026806,2.0268725428997896,closed,closed,0.3,0.15,0.06
2000-10-24-23-34-46,L7,0.4376,1.406813867228911,1.8517266428464212,closed,closed,0.75,0.225,0.135
2000-11-16-23-41-02,L7,1.341,1.256265260493836,1.9525629696097957,closed,closed,0.6,0.115,0.1
2000-11-25-23-34-52,L7,0.4752,1.473152209820571,2.2542227020045074,closed,closed,0.65,0.165,0.14
2000-12-02-23-41-02,L7,1.2726,1.3720562468773938,1.794107156976445,closed,closed,0.7,0.20500000000000002,0.13
2000-12-11-23-34-53,L7,0.3505,1.50168216333773,2.0258516416933543,open,open,0.4,0.11,0.030000000000000002
2001-01-03-23-41-05,L7,1.3939,1.4456649705858664,1.88986948008939,closed,closed,0.45,0.155,0.15
2001-03-01-23-34-50,L7,0.482,1.5130763430038032,2.1275939550353162,closed,closed,0.75,0.225,0.14
2001-03-17-23-34-45,L7,0.6284,1.5555627172308515,2.1190053315873594,closed,closed,0.9,0.24000000000000002,0.14500000000000002
2001-04-18-23-34-37,L7,0.4439,1.619194893583704,2.3027379791412304,closed,closed,0.8,0.22,0.12000000000000001
2001-04-25-23-40-45,L7,1.3633,1.6317202440890377,2.241451787338552,closed,closed,0.35,0.085,0.10500000000000001
2001-05-11-23-40-38,L7,1.4348,1.5329301402115256,2.187405837822742,closed,closed,0.3,0.095,0.085
2001-05-27-23-40-29,L7,1.3219,1.5459377059115402,2.302895247139003,closed,closed,0.35,0.115,0.08
2001-06-05-23-34-09,L7,0.6224,1.580226300634228,2.3332080539930686,closed,closed,0.8,0.2,0.085
2001-06-21-23-33-58,L7,0.6534,1.5959056502769107,2.486086387118727,closed,closed,0.75,0.21000000000000002,0.065
2001-06-28-23-40-02,L7,1.5255,1.3932504850796075,1.9319528414816547,closed,closed,0.3,0.115,0.085
2001-07-14-23-40-02,L7,1.4071,1.7510200362846415,2.673692772021116,closed,closed,0.3,0.10500000000000001,0.065
2001-07-23-23-33-47,L7,3.6724,1.0128872558559578,1.200558986681988,open,closed,0.15,0.09000000000000001,0.034999999999999996
2001-07-30-23-39-51,L7,1.366,1.785390231254805,2.6828497305291066,closed,closed,0.35,0.065,0.055
2001-08-08-23-33-29,L7,0.418,1.6623578847137066,2.4977447590252444,closed,closed,0.75,0.20500000000000002,0.08
2001-08-24-23-33-17,L7,0.2801,1.6482906071641739,2.401444576820239,closed,closed,0.6,0.23,0.1
2001-10-02-23-38-57,L7,1.3059,1.5201812629521931,2.3340637445167185,closed,closed,0.4,0.135,0.10500000000000001
2001-10-11-23-32-39,L7,0.3215,1.3610918083412509,1.9143155788451536,closed,closed,0.55,0.215,0.135
2001-10-27-23-32-49,L7,0.2279,1.2309761527911451,1.599023811283738,closed,closed,0.35,0.20500000000000002,0.125
2001-11-28-23-33-04,L7,0.2662,1.4042333445595048,1.8734556367126733,closed,closed,0.65,0.245,0.135
2001-12-30-23-33-06,L7,0.3143,1.3660069016452647,1.8120009683731941,closed,closed,0.55,0.23500000000000001,0.125
2002-01-06-23-39-25,L7,1.3669,1.307708485658265,1.7767313937950415,closed,closed,0.35,0.045,0.025
2002-03-20-23-33-17,L7,0.8667,1.4877283640774663,2.019588354507184,open,closed,0.6,0.125,0.045
2002-04-05-23-33-18,L7,0.779,1.6074284120026487,2.2411406842799213,closed,closed,0.7,0.155,0.055
2002-04-12-23-39-30,L7,1.5304,1.3860799896263194,1.8450032174921,closed,closed,0.6,0.085,0.06
2002-05-07-23-33-20,L7,0.8406,1.5131769732106204,2.15730673723109,closed,closed,0.7,0.195,0.034999999999999996
2002-05-30-23-39-18,L7,1.499,1.7032302995001218,2.5865876605422087,closed,closed,0.3,0.049999999999999996,0.030000000000000002
2002-07-01-23-39-07,L7,1.5462,1.7587381628609295,2.631615968118518,closed,closed,0.55,0.155,0.04
2002-07-10-23-32-54,L7,0.671,1.7049117933965219,2.600154407818254,closed,closed,0.75,0.17,0.045
2002-08-11-23-32-41,L7,0.5758,1.519475639421978,2.1685738096558778,open,closed,0.6,0.125,0.030000000000000002
2002-08-18-23-38-50,L7,1.5642,1.5245699748055572,2.149054707733192,closed,closed,0.4,0.14500000000000002,0.095
2002-08-27-23-32-29,L7,0.9376,1.4717718335369834,2.088124919421186,closed,closed,0.8,0.225,0.1
2002-09-12-23-32-24,L7,0.6946,1.5347912010921503,2.1171562530219292,closed,closed,0.8,0.22,0.10500000000000001
2002-09-19-23-38-28,L7,1.3473,1.5508458720588194,2.0626286726804643,closed,closed,0.5,0.06,0.034999999999999996
2002-09-28-23-32-15,L7,0.7144,1.3791996910376654,1.8805988962758702,closed,closed,0.75,0.23,0.085
2002-10-14-23-32-13,L7,0.9691,1.4851192138905172,1.945220626473314,closed,closed,0.85,0.22,0.13
2002-10-30-23-32-18,L7,0.904,1.4537860651442434,1.8966539448443167,closed,closed,0.75,0.215,0.17500000000000002
2002-11-06-23-38-34,L7,1.3327,1.4657176407540695,1.8835910976960117,closed,closed,0.3,0.06,0.07
2002-12-01-23-32-46,L7,0.5202,1.5865811159878307,2.1032515027258474,closed,closed,0.65,0.165,0.07
2003-01-25-23-39-11,L7,3.3579,1.1706818301712414,1.3892082737891078,closed,closed,0.3,0.08,0.09000000000000001
2003-02-26-23-39-21,L7,1.4074,1.504205094970987,2.0361139622933977,closed,closed,0.5,0.12000000000000001,0.085
2003-03-23-23-33-09,L7,0.5314,1.6412365273242508,2.2974361484044534,closed,closed,0.75,0.19,0.125
2003-04-08-23-33-16,L7,0.6039,1.447798749677483,1.9916735505415706,closed,closed,0.65,0.19,0.115
2003-04-15-23-39-27,L7,1.3349,1.554646345583046,2.2740259780281975,closed,closed,0.55,0.07500000000000001,0.049999999999999996
2003-04-24-23-33-15,L7,2.3839,1.434745794214079,2.201981161668188,open,open,0.05,0.06,0.07500000000000001
2003-05-01-23-39-27,L7,1.2411,1.448248531499643,2.1858213398978554,open,open,0.1,0.025,0.015
2003-05-10-23-33-15,L7,0.5956,1.59780699250455,2.3517839385335604,closed,closed,0.75,0.22,0.10500000000000001
2013-04-11-23-46-35,L8,1.3151,1.5247693799099868,2.1026423428915293,open,open,0.3,0.055,0.045
2013-04-18-23-52-30,L8,0.4826,1.3312204249611799,1.7319562573405387,open,open,0.45,0.13,0.07500000000000001
2013-05-20-23-52-43,L8,0.5224,1.6151355811837331,2.327286946981652,closed,closed,0.8,0.20500000000000002,0.09000000000000001
2013-06-14-23-46-29,L8,1.3437,1.5778728943926421,2.3394475255007925,open,closed,0.3,0.12000000000000001,0.07
2013-07-07-23-52-41,L8,0.6003,1.575620381309868,2.3724443004242555,open,open,0.25,0.04,0.030000000000000002
2013-07-16-23-46-29,L8,1.4414,1.6664527782947316,2.500311824228022,closed,closed,0.65,0.125,0.085
2013-07-23-23-52-39,L8,0.4833,1.67435697208369,2.4399175154633888,open,open,0.3,0.12000000000000001,0.034999999999999996
2013-08-01-23-46-31,L8,1.4204,1.5253757326608282,2.1569851358802183,closed,closed,0.65,0.135,0.1
2013-08-17-23-46-32,L8,1.334,1.5412671740498005,2.146666683173425,open,open,0.55,0.12000000000000001,0.045
2013-08-24-23-52-44,L8,0.5555,1.5772978324666442,2.116924449980893,open,open,0.15,0.025,0.02
2013-09-02-23-46-33,L8,1.3464,1.4323191754037246,1.9402475937422792,open,closed,0.5,0.14,0.1
2013-09-09-23-52-42,L8,0.5036,1.3635020023380373,1.7484911400208396,open,open,0.1,0.025,0.015
2013-09-18-23-46-27,L8,1.3048,1.471876797975757,2.0508352698283434,open,open,0.15,0.025,0.01
2013-09-25-23-52-34,L8,0.5861,1.3542966561002725,1.7130975832978852,open,open,0.15,0.034999999999999996,0.02
2013-10-11-23-52-34,L8,0.6001,1.5124758799880191,1.928561296832502,open,open,0.5,0.085,0.06
2013-11-05-23-46-15,L8,1.2384,1.5316248415762088,2.0113950050535148,open,open,0.2,0.015,0.01
2013-11-12-23-52-25,L8,0.6385,1.2429414323006271,1.924774433454706,closed,closed,0.75,0.14,0.07500000000000001
2013-12-07-23-46-07,L8,1.2254,1.3912106573460705,1.8037315298519252,open,open,0.15,0.06,0.015
2014-01-15-23-51-50,L8,0.5204,1.4346080956628235,1.8133455955334952,open,open,0.2,0.065,0.034999999999999996
2014-01-24-23-45-38,L8,1.3345,1.4303261675508896,1.8707646021173243,closed,closed,0.6,0.14,0.14
2014-03-13-23-45-02,L8,1.3293,1.4204213098457654,1.8628318811491764,open,closed,0.55,0.135,0.085
2014-03-20-23-51-06,L8,0.5659,1.5737294378730278,1.9465974348563746,open,open,0.6,0.115,0.07500000000000001
2014-05-07-23-50-18,L8,0.7184,1.399761729903214,1.9225663814199443,closed,closed,0.9,0.23,0.095
2014-06-08-23-50-22,L8,0.252,1.7026031777737531,3.0466906889434755,closed,closed,0.75,0.125,0.06
2014-06-17-23-44-13,L8,1.1534,1.5790295168947235,2.518185357634963,closed,closed,0.8,0.225,0.08
2014-06-24-23-50-24,L8,0.3922,1.5123226971202655,2.3188960990040095,closed,closed,0.95,0.245,0.085
2014-07-03-23-44-19,L8,1.1547,1.5732127318699722,2.408437446622878,closed,closed,0.8,0.20500000000000002,0.085
2014-07-10-23-50-33,L8,0.3841,1.565693640281718,2.3344883613577427,closed,closed,1.0,0.22,0.085
2014-07-26-23-50-36,L8,0.3958,1.660809357336113,2.4683273087532536,closed,closed,1.0,0.23,0.09000000000000001
2014-08-04-23-44-31,L8,1.1416,1.6028188853835443,2.3437336396050745,closed,closed,0.9,0.255,0.1
2014-08-11-23-50-44,L8,0.3704,1.5688649917771513,2.2378753572923866,closed,closed,0.85,0.23500000000000001,0.08
2014-09-21-23-44-37,L8,1.2596,1.6079920485979873,2.244208874549309,closed,closed,0.7,0.15,0.115
2014-09-28-23-50-49,L8,0.5247,1.4061868330911949,1.8043881405177364,open,open,0.5,0.08,0.07500000000000001
2014-10-23-23-44-44,L8,1.4139,1.2885556577679356,1.8176924983110427,open,closed,0.45,0.12000000000000001,0.085
2014-10-30-23-50-51,L8,0.5047,1.4582519086225736,1.9816425683029695,open,open,0.45,0.135,0.115
2014-11-08-23-44-45,L8,1.2686,1.4923588972703659,1.979960147239103,open,open,0.4,0.085,0.065
2014-11-24-23-44-42,L8,1.2647,1.3988034427750116,1.8046348944015949,open,open,0.15,0.055,0.02
2014-12-01-23-50-53,L8,0.4396,1.4426495855332886,1.8038939303911745,open,open,0.35,0.095,0.1
2015-01-02-23-50-43,L8,0.43,1.4040536156568884,1.670936165829872,open,open,0.35,0.15,0.1
2015-04-24-23-50-01,L8,0.4529,1.612143426240577,2.365984352832983,closed,closed,0.95,0.245,0.085
2015-05-03-23-43-41,L8,1.206,1.6158353382047255,2.4104417362886874,closed,closed,0.65,0.225,0.08
2015-05-10-23-49-45,L8,0.4318,1.5391982238504764,2.1773709936192884,closed,closed,1.0,0.245,0.085
2015-05-19-23-43-33,L8,1.2222,1.5769944047176467,2.302889290760852,closed,closed,0.75,0.2,0.07500000000000001
2015-05-26-23-49-46,L8,0.394,1.6301472559852217,2.392755880789926,closed,closed,1.0,0.215,0.08
2015-06-04-23-43-41,L8,1.184,1.573422528860349,2.373268142065968,closed,closed,0.75,0.21000000000000002,0.08
2015-06-11-23-49-57,L8,0.3868,1.6253436792583138,2.414046623154458,closed,closed,0.9,0.21000000000000002,0.08
2015-06-20-23-43-49,L8,1.1686,1.507160646178754,2.4313310207011196,closed,closed,0.8,0.19,0.07500000000000001
2015-07-13-23-50-14,L8,0.3883,1.6430702808625297,2.5609714451861567,closed,closed,0.9,0.21000000000000002,0.085
2015-07-29-23-50-18,L8,0.3992,1.5390899832794074,2.5856421185277214,closed,closed,0.9,0.23500000000000001,0.10500000000000001
2015-09-08-23-44-23,L8,1.3606,1.5143227150191252,2.125453721894696,open,closed,0.65,0.13,0.095
2015-10-01-23-50-42,L8,0.6775,1.5659530193337394,2.052804701876527,open,open,0.25,0.045,0.034999999999999996
2015-10-10-23-44-31,L8,1.3626,1.4325610546061693,1.8668000249498604,open,open,0.3,0.065,0.06
2015-12-04-23-50-50,L8,0.5152,1.422707954330327,1.7869869849986753,open,open,0.3,0.10500000000000001,0.055
2015-12-13-23-44-38,L8,1.2758,1.5562004470857091,2.0242790289366877,open,open,0.2,0.025,0.02
2015-12-29-23-44-38,L8,1.4047,1.4809347442001572,1.8751334704381737,open,open,0.1,0.025,0.02
2016-01-30-23-44-34,L8,1.2935,1.5517276259583057,2.092636478233056,open,open,0.2,0.06,0.025
2016-02-06-23-50-42,L8,0.531,1.5980693293628478,2.1133273029635427,open,open,0.15,0.055,0.025
2016-02-15-23-44-26,L8,1.2845,1.4858872096989948,1.9496339980096433,open,open,0.45,0.09000000000000001,0.049999999999999996
2016-02-22-23-50-35,L8,0.5422,1.6030233416377668,2.0312243266157686,open,open,0.1,0.030000000000000002,0.015
2016-03-02-23-44-24,L8,1.3592,1.4382055543339758,1.8806614998074527,closed,closed,0.55,0.19,0.135
2016-03-18-23-44-18,L8,1.3318,1.4405253330875314,1.8816512018565974,closed,closed,0.65,0.115,0.1
2016-04-10-23-50-18,L8,0.491,1.4702336916331369,1.9441358373231448,open,open,0.15,0.02,0.01
2016-04-19-23-44-03,L8,1.3414,1.6986715262490673,2.407347292283746,open,closed,0.6,0.115,0.095
2016-04-26-23-50-14,L8,0.7438,1.5794508484533492,2.109053045898869,closed,closed,0.7,0.14,0.1
2016-05-05-23-44-07,L8,1.2987,1.6669668934179132,2.5314884202018795,open,open,0.15,0.01,0.005
2016-05-21-23-44-07,L8,1.2884,1.5487652137436858,2.1910674676246713,open,open,0.15,0.049999999999999996,0.02
2016-05-28-23-50-20,L8,0.5024,1.6263859483909744,2.3314737196541517,open,open,0.45,0.095,0.04
2016-06-13-23-50-23,L8,0.7396,1.5544333496492226,2.4223072296086214,open,open,0.5,0.07500000000000001,0.049999999999999996
2016-07-08-23-44-25,L8,1.2033,1.2874585243718704,2.041083262957411,open,open,0.25,0.034999999999999996,0.01
2016-07-15-23-50-39,L8,0.1472,1.2536885149219354,1.7339866688275984,open,closed,0.35,0.17,0.115
2016-07-24-23-44-30,L8,1.3007,1.5741359659408811,2.283631059288883,open,open,0.3,0.04,0.01
2016-08-09-23-44-32,L8,1.4488,1.4393677650877643,1.9818238733187916,open,open,0.4,0.08,0.04
2016-08-25-23-44-39,L8,1.3729,1.665254145209886,2.318840211279135,open,open,0.5,0.085,0.034999999999999996
2016-09-10-23-44-44,L8,1.3846,1.4831665802534975,1.9852282613029122,open,open,0.3,0.065,0.034999999999999996
2016-09-26-23-44-44,L8,1.2942,1.4082513417806468,1.7911642213236647,open,open,0.35,0.055,0.030000000000000002
2016-10-03-23-50-57,L8,0.5263,1.4204184259512764,1.8123713363064475,open,open,0.15,0.02,0.015
2016-10-12-23-44-50,L8,1.2888,1.4084782311784378,1.8375788433839344,open,open,0.3,0.07500000000000001,0.055
2016-12-22-23-50-56,L8,0.3461,1.343622606548134,1.5979250103016207,closed,closed,0.75,0.2,0.09000000000000001
2017-01-16-23-44-40,L8,1.2818,1.6104391777246223,2.0322183286719353,open,open,0.15,0.034999999999999996,0.02
2017-02-08-23-50-39,L8,0.4795,1.6720867436952938,2.1140612065808315,open,open,0.2,0.07,0.04
2017-03-28-23-50-17,L8,0.5972,1.4418324494310142,2.2123311023891077,open,open,0.2,0.030000000000000002,0.015
2017-04-06-23-44-02,L8,1.3815,1.3733275884860312,2.2060207092000685,open,open,0.6,0.13,0.085
2017-04-13-23-50-09,L8,0.5571,1.5218790612639013,2.2022595265946787,open,open,0.3,0.08,0.025
2017-04-22-23-43-53,L8,1.4229,1.5265351193787466,2.1352415880630393,closed,closed,0.75,0.15,0.095
2017-04-29-23-49-59,L8,0.5483,1.7059327734661505,2.389860600609469,open,open,0.35,0.034999999999999996,0.034999999999999996
2017-05-08-23-43-52,L8,1.3066,1.5924872416575453,2.281877697737918,open,open,0.65,0.12000000000000001,0.030000000000000002
2017-05-15-23-50-08,L8,0.5488,1.5522631436438152,2.151615132795397,open,open,0.55,0.11,0.049999999999999996
2017-05-24-23-44-03,L8,1.33,1.5949638894575928,2.3026675697916907,open,open,0.45,0.07500000000000001,0.065
2017-05-31-23-50-18,L8,0.5193,1.6367936311660798,2.3435440854263585,open,open,0.5,0.11,0.049999999999999996
2017-06-25-23-44-16,L8,1.3252,1.6869328037363505,2.514919060310581,open,open,0.1,0.015,0.01
2017-07-11-23-44-19,L8,1.3669,1.7048078257256616,2.554854315652838,open,open,0.15,0.034999999999999996,0.025
2017-07-18-23-50-33,L8,0.6059,1.7098872857836107,2.4936412262246423,closed,closed,0.75,0.125,0.095
2017-07-27-23-44-27,L8,1.3356,1.5635873956490274,2.273354082141492,open,open,0.35,0.055,0.04
2017-08-03-23-50-40,L8,0.5692,1.7123413373336072,2.45275867231317,closed,closed,0.75,0.125,0.07
2017-08-12-23-44-33,L8,1.3666,1.5752452878620673,2.2115232587704026,open,open,0.35,0.049999999999999996,0.04
2017-08-19-23-50-46,L8,0.491,1.7687221588314228,2.5160609487891237,open,open,0.5,0.155,0.04
2017-08-28-23-44-37,L8,1.3493,1.6542943736046853,2.349392590807709,open,open,0.6,0.12000000000000001,0.1
2017-09-04-23-50-48,L8,0.5879,1.5618721109155211,2.103230242477718,open,open,0.6,0.11,0.085
2017-09-13-23-44-37,L8,1.3529,1.5133715977401103,2.179154716341003,open,closed,0.65,0.135,0.10500000000000001
2017-09-20-23-50-51,L8,0.4738,1.4527030383005632,1.943991892025831,open,open,0.3,0.07,0.06
2017-09-29-23-44-44,L8,1.375,1.3592185574125049,1.750865903807403,closed,closed,0.75,0.25,0.155
2017-10-22-23-51-00,L8,0.6368,1.5128424716725546,1.8925793538721603,open,open,0.35,0.06,0.04
2017-10-31-23-44-48,L8,1.2661,1.552771180735613,2.0361472195848624,open,open,0.55,0.12000000000000001,0.07500000000000001
2017-11-23-23-50-53,L8,0.5533,1.4198584833644512,1.7920166492007004,open,open,0.3,0.115,0.10500000000000001
2017-12-09-23-50-50,L8,0.3998,1.321714238663664,1.5896347120666778,open,open,0.4,0.16,0.10500000000000001
2017-12-18-23-44-42,L8,1.2519,1.4675547701530083,1.8127956285379467,open,open,0.15,0.049999999999999996,0.04
2018-01-19-23-44-31,L8,1.2974,1.5545628836235055,1.9811717501532098,open,open,0.15,0.025,0.005
2018-02-04-23-44-22,L8,1.3158,1.5112901773156573,1.9382840339293923,open,open,0.55,0.1,0.07500000000000001
2018-02-27-23-50-24,L8,0.4889,1.6194408522875072,2.120839875886156,open,open,0.4,0.07,0.055
2018-03-31-23-50-08,L8,0.5362,1.525063935707966,1.9511848200759707,open,open,0.25,0.045,0.02
2018-05-02-23-49-50,L8,0.5548,1.520451125976061,2.0113741412202404,open,open,0.5,0.095,0.095
2018-07-05-23-49-47,L8,0.6163,1.5499310386053657,2.189076536673884,closed,closed,0.7,0.17,0.08
2018-07-14-23-43-41,L8,1.3068,1.7790497475234992,2.6765967381402054,open,open,0.3,0.034999999999999996,0.030000000000000002
2018-07-21-23-49-54,L8,0.5983,1.7356133401257474,2.5785058755684878,closed,closed,0.75,0.185,0.10500000000000001
2018-07-30-23-43-48,L8,1.3212,1.6332825349793356,2.3758311572725135,closed,closed,0.6,0.12000000000000001,0.10500000000000001
2018-08-06-23-50-03,L8,0.6849,1.508213528274285,2.075777401374167,closed,closed,0.8,0.195,0.14500000000000002
2018-08-15-23-43-57,L8,1.3057,1.6057305699219515,2.194923880978451,open,open,0.55,0.095,0.08
2018-08-22-23-50-11,L8,0.542,1.5519004854070564,2.108745100684922,closed,closed,0.75,0.23500000000000001,0.135
2018-08-31-23-44-04,L8,1.2962,1.6591721645422421,2.2955635156644942,closed,closed,0.9,0.24000000000000002,0.12000000000000001
2018-09-16-23-44-08,L8,1.2701,1.6286662811947341,2.20090185408493,closed,closed,0.85,0.23500000000000001,0.155
2018-10-18-23-44-22,L8,1.2717,1.5868516725637172,2.1019829757538506,closed,closed,0.9,0.265,0.165
2018-11-10-23-50-37,L8,0.4093,1.3998201919591131,1.7103562264826273,closed,closed,0.45,0.185,0.10500000000000001
2018-11-19-23-44-27,L8,1.2283,1.579116071975556,2.040770944114689,closed,closed,0.5,0.23500000000000001,0.14500000000000002
2018-12-28-23-50-34,L8,0.4185,1.4451367364172956,1.7853141005672668,closed,closed,0.45,0.19,0.1
2015-09-13-00-06-31,S2,1.0134,1.7089336090025269,2.108571342927422,open,open,0.1,0.005,0.005
2016-01-01-00-09-15,S2,0.6075,1.4151454502487417,1.630424667194454,open,open,0.1,0.055,0.045
2016-01-11-00-06-45,S2,0.508,1.3538836801159015,1.940336998153317,open,open,0.1,0.049999999999999996,0.04
2016-02-10-00-06-25,S2,0.558,1.6307204766817625,1.9918198347767375,open,open,0.1,0.015,0.015
2016-04-20-00-06-30,S2,0.7081,1.8181320527285185,2.3745498563093985,open,open,0.2,0.04,0.09000000000000001
2016-04-30-00-06-33,S2,1.1876,1.7692699843629536,2.2981571202658295,open,open,0.35,0.049999999999999996,0.08
2016-05-10-00-06-34,S2,0.6226,1.4361805938173011,1.8496885590122782,open,open,0.1,0.015,0.01
2016-05-20-00-05-06,S2,0.5877,1.7164659807035914,2.2894876683986585,open,open,0.15,0.034999999999999996,0.025
2016-05-30-00-06-34,S2,0.6412,1.6522861034498881,2.2011031152237868,open,open,0.25,0.030000000000000002,0.07
2016-06-09-00-05-19,S2,0.6844,1.4197611328906687,2.0671456979994702,open,open,0.25,0.034999999999999996,0.02
2016-06-29-00-06-03,S2,0.8273,1.7400290495170863,2.4164525952741895,open,open,0.4,0.055,0.07500000000000001
2016-07-09-00-06-32,S2,0.556,1.5190849527354093,2.44207937103555,closed,closed,0.15,0.030000000000000002,0.01
2016-07-29-00-06-33,S2,0.9223,1.7594163652379287,2.3380562428429643,open,open,0.2,0.04,0.07500000000000001
2016-08-08-00-03-48,S2,1.1293,1.6424772792665623,2.1036987249575443,open,open,0.15,0.030000000000000002,0.02
2016-08-18-00-06-31,S2,0.864,1.6209170749962778,2.048566106988162,open,open,0.1,0.025,0.02
2016-08-28-00-04-11,S2,0.9457,1.6736075439196634,2.1157873506070546,open,open,0.25,0.04,0.045
2016-09-17-00-04-05,S2,0.644,1.608731370527581,1.968006410726006,open,open,0.1,0.02,0.015
2016-11-06-00-06-27,S2,0.7495,1.4372558459764961,1.6802938235452836,open,open,0.1,0.025,0.030000000000000002
2016-11-16-00-02-16,S2,0.5947,1.4151259446130833,1.6607712442329565,open,open,0.15,0.030000000000000002,0.015
2016-12-26-00-02-12,S2,0.5049,1.4750787953398936,1.7138312361334525,open,open,0.1,0.045,0.085
2017-02-04-00-06-22,S2,1.2789,1.6263067909144544,1.9105238326326202,open,open,0.15,0.034999999999999996,0.08
2017-03-06-00-06-21,S2,0.7,1.4871460233481024,1.958238198323826,open,open,0.2,0.095,0.034999999999999996
2017-03-26-00-06-23,S2,0.7508,1.517875643388525,2.257421586633575,open,open,0.3,0.045,0.07500000000000001
2017-04-15-00-06-28,S2,1.2465,1.3574390079480898,1.742948285991258,open,open,0.1,0.04,0.034999999999999996
2017-05-05-00-06-31,S2,0.7351,1.689516976789428,2.2194205345330076,open,open,0.25,0.045,0.07500000000000001
2017-05-15-00-02-21,S2,0.673,1.6300330695816312,2.1776301121901294,open,open,0.25,0.08,0.034999999999999996
2017-05-25-00-06-31,S2,0.7004,1.6906820485508727,2.256444405791358,open,open,0.1,0.02,0.04
2017-06-04-00-04-37,S2,0.7718,1.7708116297852965,2.40277505155695,open,open,0.25,0.04,0.07500000000000001
2017-06-14-00-06-29,S2,1.0962,1.7769223477842335,2.425145264703573,open,open,0.2,0.025,0.034999999999999996
2017-06-24-00-02-16,S2,0.6228,1.755338347747947,2.432477576917903,open,open,0.1,0.030000000000000002,0.015
2017-07-04-00-06-28,S2,0.965,1.8185527111821354,2.4747559423939296,open,open,0.15,0.025,0.07500000000000001
2017-07-09-00-02-50,S2,0.7823,1.7728174893469795,2.4136137284999872,open,open,0.15,0.025,0.015
2017-07-14-00-02-18,S2,0.898,1.80520708593698,2.478284437609086,open,open,0.2,0.030000000000000002,0.030000000000000002
2017-07-19-00-06-29,S2,0.8453,1.8275149964441175,2.5057293913932956,open,open,0.25,0.04,0.06
2017-07-24-00-06-30,S2,0.6201,1.833909489791291,2.498011243167319,open,open,0.1,0.02,0.01
2017-07-29-00-05-43,S2,0.9092,1.74429082091425,2.312770421411134,open,open,0.25,0.034999999999999996,0.034999999999999996
2017-08-08-00-06-27,S2,0.7324,1.793242114558473,2.373640955118585,open,open,0.1,0.025,0.02
2017-08-13-00-06-30,S2,0.8615,1.7276586704495929,2.2763536028036726,open,open,0.15,0.025,0.02
2017-08-18-00-04-03,S2,0.7342,1.6584097342710133,2.133143925912551,open,open,0.2,0.034999999999999996,0.049999999999999996
2017-08-28-00-06-24,S2,0.7616,1.5165663908013847,1.9222973979699591,open,open,0.15,0.045,0.015
2017-09-02-00-06-28,S2,1.0411,1.7093926640968586,2.1926591731150484,open,open,0.35,0.055,0.1
2017-09-07-00-03-13,S2,1.4404,1.7906922075027425,2.278875235911466,open,closed,0.4,0.065,0.04
2017-09-17-00-06-18,S2,0.7067,1.6863274350706756,2.1194203019433346,open,open,0.3,0.055,0.085
2017-09-27-00-02-25,S2,0.72,1.5349437332284634,1.8550123100494318,open,open,0.25,0.045,0.135
2017-11-01-00-06-28,S2,0.8903,1.529813991219014,1.828145195610937,open,open,0.15,0.02,0.030000000000000002
2017-12-01-00-02-34,S2,0.587,1.2911687064621695,1.4452607872420298,open,open,0.1,0.049999999999999996,0.09000000000000001
2017-12-16-00-02-28,S2,0.5051,1.4153230752053039,1.6109611328785893,open,open,0.15,0.10500000000000001,0.02
2018-01-05-00-02-32,S2,0.5267,1.4723032294293943,1.6783961866018777,open,open,0.15,0.015,0.01
2018-01-20-00-06-22,S2,0.6548,1.623781061076041,1.913084080807997,open,open,0.1,0.015,0.01
2018-01-30-00-02-35,S2,0.5776,1.5364440236758778,1.7933766654705514,open,open,0.15,0.049999999999999996,0.1
2018-02-14-00-02-33,S2,0.6662,1.704413451968244,1.988944467778477,open,open,0.2,0.005,0.01
2018-02-24-00-02-54,S2,0.772,1.6256918007800192,1.8938291849473445,open,open,0.1,0.04,0.10500000000000001
2018-03-01-00-06-09,S2,0.5913,1.6096823855252922,1.915109760350791,open,open,0.1,0.025,0.025
2018-03-11-00-02-36,S2,1.028,1.5549402840889581,1.8098446310538236,open,open,0.4,0.07500000000000001,0.12000000000000001
2018-03-26-00-02-35,S2,0.9346,1.542741728403616,1.864870076707264,open,open,0.4,0.07,0.11
2018-04-05-00-02-37,S2,0.8944,1.563624659059198,1.9313067144083864,open,open,0.2,0.034999999999999996,0.045
2018-04-25-00-02-38,S2,0.864,1.6080137615022057,1.9934555875727877,open,open,0.4,0.07500000000000001,0.09000000000000001
2018-05-05-00-02-39,S2,0.8935,1.611267628018506,2.0301265939482094,open,open,0.25,0.045,0.09000000000000001
2018-05-10-00-02-42,S2,0.7256,1.4908128576131774,1.9099216349790187,open,open,0.3,0.065,0.07500000000000001
2018-05-15-00-05-53,S2,0.6152,1.7402578332495338,2.2971281091953686,open,open,0.35,0.049999999999999996,0.065
2018-05-20-00-02-42,S2,0.6865,1.6184585504091593,2.158732535286876,open,open,0.2,0.030000000000000002,0.08
2018-05-25-00-02-37,S2,0.6399,1.66720031066958,2.20555298917665,open,open,0.4,0.08,0.08
2018-06-04-00-02-37,S2,0.9227,1.6422764353532258,2.395672710863217,open,open,0.1,0.015,0.01
2018-06-14-00-02-38,S2,0.7038,1.6848782023056097,2.302760010849094,open,open,0.3,0.034999999999999996,0.045
2018-06-24-00-02-39,S2,0.8428,1.787474800142336,2.4552678094748055,open,open,0.4,0.06,0.07500000000000001
2018-07-04-00-06-08,S2,1.0505,1.8809584323065505,2.569785469938455,open,open,0.2,0.025,0.034999999999999996
2018-07-09-00-02-41,S2,0.7438,1.7779324696471934,2.430942125549046,open,open,0.45,0.085,0.08
2018-07-14-00-02-38,S2,0.603,1.9106164313451308,2.616480814306469,open,open,0.2,0.045,0.02
2018-07-24-00-02-37,S2,0.9605,1.8155950247760355,2.4632044702513363,open,open,0.35,0.06,0.095
2018-07-29-00-02-41,S2,0.7596,1.6837770026136853,2.2273250631909898,open,open,0.15,0.030000000000000002,0.08
2018-08-13-00-05-52,S2,0.7029,1.8350588134713426,2.3765614624036595,open,open,0.1,0.02,0.04
2018-08-23-00-02-32,S2,0.7544,1.644396849559803,2.1070339926161394,open,open,0.55,0.115,0.13
2018-08-28-00-02-38,S2,0.774,1.6056765375250568,2.0541406230797796,open,open,0.5,0.085,0.07
2018-09-02-00-05-46,S2,0.7209,1.7710986525631351,2.287942981171007,closed,closed,0.8,0.20500000000000002,0.10500000000000001
2018-09-07-00-02-37,S2,1.0109,1.7859877526072543,2.321726333428325,closed,closed,0.85,0.2,0.125
2018-09-17-00-02-36,S2,0.6728,1.6819355120052781,2.113623574921295,closed,closed,0.8,0.2,0.14
2018-09-27-00-02-36,S2,0.6862,1.76548694261768,2.2391969417047717,closed,closed,0.8,0.215,0.06
2018-10-02-00-04-02,S2,0.589,1.749393495143165,2.1902337334714073,closed,closed,0.85,0.21000000000000002,0.155
2018-10-22-00-02-37,S2,0.5069,1.5135197656300559,1.8277992950168132,closed,closed,0.55,0.165,0.10500000000000001
2018-10-27-00-02-37,S2,0.6592,1.550971584678156,1.8752430181812412,closed,closed,0.65,0.18000000000000002,0.125
2018-11-01-00-02-37,S2,0.5245,1.5707800342031302,1.8834564535227925,closed,closed,0.5,0.14500000000000002,0.11
2018-11-11-00-06-38,S2,0.5533,1.476274314343978,1.7330308222994164,closed,closed,0.6,0.185,0.12000000000000001
2018-11-26-00-06-32,S2,2.2059,1.120711393709528,1.2600396619049752,open,closed,0.15,0.1,0.034999999999999996
2018-12-01-00-06-36,S2,0.4977,1.4017178209278929,1.5834341822288758,closed,closed,0.45,0.14500000000000002,0.08
2018-12-26-00-06-33,S2,0.6271,1.5100463210941415,1.7884617057899328,closed,closed,0.65,0.18000000000000002,0.10500000000000001
